{
  "project_info": {
    "project_number": "32914131303",
    "project_id": "investapp-a067a",
    "storage_bucket": "investapp-a067a.appspot.com"
  },
  "client": [
    {
      "client_info": {
        "mobilesdk_app_id": "1:32914131303:android:d8f5bd99a5341a9c15c7c2",
        "android_client_info": {
          "package_name": "com.sultan.investapp"
        }
      },
      "oauth_client": [
        {
          "client_id": "32914131303-ds941f3f0a0b618d5udrsr7fgtpgqopg.apps.googleusercontent.com",
          "client_type": 3
        }
      ],
      "api_key": [
        {
          "current_key": "AIzaSyBlQpJf1x9jvDCaqcS0hu23PrloNZ9MLMk"
        }
      ],
      "services": {
        "appinvite_service": {
          "other_platform_oauth_client": [
            {
              "client_id": "32914131303-ds941f3f0a0b618d5udrsr7fgtpgqopg.apps.googleusercontent.com",
              "client_type": 3
            }
          ]
        }
      }
    }
  ],
  "configuration_version": "1"
}